Priority,Category,Item,Status,Description,Effort,Dependencies
P0-Critical,Core Auth,Fix CORS policies on Edge Functions,Not Started,Restrict Access-Control-Allow-Origin from '*' to specific domains,2 hours,None
P0-Critical,Core Auth,Implement webhook signature verification,Not Started,Add HMAC validation for incoming webhooks to prevent spoofing,4 hours,None
P0-Critical,Core Auth,Add OAuth state parameter validation,Not Started,Verify state parameter to prevent CSRF attacks on OAuth flows,2 hours,None
P0-Critical,Core Auth,Implement PKCE for OAuth flows,Not Started,Add Proof Key for Code Exchange for mobile/SPA OAuth security,4 hours,OAuth state validation
P0-Critical,Core Auth,Add session token rotation,Not Started,Rotate session tokens after sensitive operations and periodically,4 hours,None
P0-Critical,Core Auth,Implement account lockout notifications,Not Started,Email users when account is locked due to failed login attempts,2 hours,Email service
P0-Critical,Security,Enable production error tracking,Not Started,Integrate Sentry or LogRocket for production error monitoring,4 hours,Account setup
P0-Critical,Security,Add request rate limiting middleware,Not Started,Implement rate limiting on all API endpoints not just auth,8 hours,None
P0-Critical,Security,Document secrets management strategy,Not Started,Create runbook for API key rotation and secrets handling,4 hours,None
P0-Critical,Security,Add PII masking in logs,Not Started,Ensure no sensitive data is logged in production,4 hours,Production logging
P0-Critical,Security,Implement CSRF protection,Not Started,Add CSRF tokens for state-changing operations,4 hours,None
P0-Critical,Monitoring,Enable production logging,Not Started,Configure Winston/Pino with structured logging and CloudFlare integration,8 hours,None
P0-Critical,Monitoring,Add health check endpoints,Not Started,Create /health and /ready endpoints for uptime monitoring,2 hours,None
P0-Critical,Monitoring,Set up error alerting,Not Started,Configure alerts for error rate spikes and critical failures,4 hours,Production logging
P0-Critical,Infrastructure,Create CI/CD pipeline,Not Started,Set up GitHub Actions for automated testing and deployment,8 hours,None
P0-Critical,Infrastructure,Document disaster recovery procedures,Not Started,Create runbook for database restore and system recovery,8 hours,None
P0-Critical,Infrastructure,Set up staging environment,Not Started,Create staging environment for pre-production testing,8 hours,CI/CD pipeline
P1-High,Core Auth,Add MFA enforcement for admin users,Partial,Require TOTP setup for all admin accounts,4 hours,MFA components exist
P1-High,Core Auth,Implement session timeout warnings,Not Started,Warn users before session expiration with option to extend,4 hours,None
P1-High,Core Auth,Add login attempt logging with IP tracking,Partial,Log all login attempts with IP geolocation for security audit,4 hours,Activity logging exists
P1-High,Core Auth,Implement password strength requirements,Not Started,Enforce minimum password complexity and check against breaches,4 hours,None
P1-High,Core Auth,Add device trust/remember device feature,Not Started,Allow users to trust devices to reduce MFA friction,8 hours,MFA enforcement
P1-High,Security,Add API key authentication for external integrations,Not Started,Create API key system for third-party integrations,8 hours,None
P1-High,Security,Implement input validation decorators for Edge Functions,Not Started,Create reusable validation middleware for all edge functions,8 hours,None
P1-High,Security,Add file upload virus scanning,Not Started,Integrate ClamAV or cloud virus scanning for uploads,8 hours,Storage setup
P1-High,Security,Implement content moderation workflow,Not Started,Add review queue for user-generated content,16 hours,None
P1-High,Security,Add SQL injection testing,Not Started,Run OWASP SQLMap or similar against all endpoints,4 hours,Staging environment
P1-High,Media,Implement image CDN integration,Not Started,Configure Cloudflare Images or similar CDN for media,8 hours,None
P1-High,Media,Add image optimization pipeline,Not Started,Auto-resize/compress images on upload (WebP AVIF conversion),8 hours,Image CDN
P1-High,Media,Implement lazy loading for video content,Not Started,Add video lazy loading with poster images,4 hours,None
P1-High,Media,Add media library management,Not Started,Create centralized media browser for reusable assets,16 hours,None
P1-High,Media,Implement image alt text validation,Not Started,Require alt text for all uploaded images for accessibility,2 hours,None
P1-High,CRM,Create contact/lead management system,Not Started,Build CRM module for tracking contacts and leads,24 hours,Database schema
P1-High,CRM,Implement email campaign integration,Not Started,Integrate with SendGrid/Mailchimp for email campaigns,16 hours,CRM contacts
P1-High,CRM,Add customer segmentation,Not Started,Create segmentation rules for targeted communications,16 hours,CRM contacts
P1-High,CRM,Implement contact import/export,Not Started,CSV import/export for contact data,8 hours,CRM contacts
P1-High,CRM,Add activity timeline per contact,Not Started,Track all interactions with each contact,8 hours,CRM contacts
P1-High,GPS,Implement geolocation services,Not Started,Add location-based features if needed for business,16 hours,Requirements TBD
P1-High,GPS,Add store/location finder,Not Started,Create location search with maps integration,16 hours,Google Maps API
P1-High,GPS,Implement delivery tracking,Not Started,Real-time delivery/service tracking if applicable,24 hours,GPS services
P1-High,Billing,Integrate payment processor,Not Started,Set up Stripe/PayPal for payment processing,16 hours,Account setup
P1-High,Billing,Implement subscription management,Not Started,Create subscription plans with recurring billing,24 hours,Payment processor
P1-High,Billing,Add invoice generation,Partial,Complete PDF invoice generation and delivery,8 hours,Accounting module exists
P1-High,Billing,Implement payment retry logic,Not Started,Auto-retry failed payments with escalation,8 hours,Payment processor
P1-High,Billing,Add revenue recognition,Not Started,Implement proper revenue recognition for subscriptions,16 hours,Billing system
P1-High,Billing,Create billing portal for customers,Not Started,Self-service portal for payment method and subscription management,24 hours,Billing system
P1-High,Templates,Create email template system,Not Started,Build reusable email templates with variable substitution,16 hours,None
P1-High,Templates,Add notification templates,Not Started,Standardize push/email/SMS notification formats,8 hours,Email templates
P1-High,Templates,Implement document templates,Not Started,Create templates for invoices contracts reports,16 hours,PDF generation
P1-High,Templates,Add template versioning,Not Started,Track template versions for audit trail,8 hours,Template system
P1-High,Storage,Configure backup automation,Not Started,Set up automated daily backups with retention policy,8 hours,Supabase config
P1-High,Storage,Implement file versioning,Not Started,Track versions of uploaded documents,8 hours,None
P1-High,Storage,Add storage quota management,Not Started,Implement per-user storage limits and monitoring,8 hours,None
P1-High,Storage,Configure CDN for static assets,Not Started,Set up Cloudflare CDN for static file delivery,4 hours,None
P1-High,Storage,Implement secure file sharing,Not Started,Create time-limited secure download links,8 hours,None
P1-High,Documents,Complete OCR integration,Partial,Finish document OCR with AI parsing,8 hours,Edge function exists
P1-High,Documents,Add document search,Not Started,Implement full-text search across documents,16 hours,Search infrastructure
P1-High,Documents,Implement document workflows,Not Started,Create approval workflows for documents,16 hours,None
P1-High,Documents,Add document retention policies,Not Started,Implement automatic document archival/deletion,8 hours,None
P1-High,Documents,Create document audit trail,Not Started,Track all document access and modifications,8 hours,Activity logging
P1-High,AI,Add AI usage tracking and limits,Not Started,Track token usage and implement per-user limits,8 hours,None
P1-High,AI,Implement AI content review queue,Not Started,Human review workflow for AI-generated content,16 hours,Content moderation
P1-High,AI,Add AI model fallback strategy,Not Started,Fallback to alternate models if primary fails,8 hours,None
P1-High,AI,Implement prompt templates management,Not Started,Admin interface for managing AI prompts,8 hours,None
P1-High,AI,Add AI cost monitoring dashboard,Not Started,Track and visualize AI API costs,8 hours,Usage tracking
P1-High,Blog,Implement content scheduling,Not Started,Schedule posts for future publication,8 hours,None
P1-High,Blog,Add content versioning,Not Started,Track all revisions of articles,8 hours,None
P1-High,Blog,Implement draft collaboration,Not Started,Allow multiple editors on draft content,16 hours,None
P1-High,Blog,Add content approval workflow,Not Started,Require approval before publication,8 hours,RBAC system
P1-High,Blog,Implement RSS feed generation,Not Started,Auto-generate RSS/Atom feeds,4 hours,None
P1-High,SEO,Add dynamic sitemap generation,Partial,Improve sitemap with all content types and priorities,4 hours,Sitemap exists
P1-High,SEO,Implement canonical URL management,Not Started,Auto-generate canonical URLs for all pages,4 hours,None
P1-High,SEO,Add structured data validation,Not Started,Validate JSON-LD with Google Rich Results Test,4 hours,None
P1-High,SEO,Implement internal linking suggestions,Not Started,AI-powered internal link recommendations,16 hours,AI integration
P1-High,SEO,Add SEO score dashboard,Not Started,Track SEO metrics across all content,16 hours,None
P1-High,SEO,Implement redirect management,Not Started,Admin interface for managing 301/302 redirects,8 hours,None
P1-High,Automation,Create workflow automation engine,Not Started,Build visual workflow builder for automations,40 hours,None
P1-High,Automation,Implement scheduled tasks dashboard,Not Started,UI for managing cron jobs and scheduled tasks,16 hours,Maintenance runner exists
P1-High,Automation,Add event-driven automation triggers,Not Started,Trigger automations based on system events,24 hours,Workflow engine
P1-High,Automation,Implement webhook outbound delivery,Not Started,Send webhooks to external systems on events,16 hours,None
P1-High,Automation,Add automation audit logging,Not Started,Track all automation executions and outcomes,8 hours,Activity logging
P1-High,Testing,Add E2E tests with Playwright,Not Started,Critical user path E2E test coverage,24 hours,None
P1-High,Testing,Implement integration tests for Edge Functions,Not Started,Test all edge functions with mocked dependencies,16 hours,None
P1-High,Testing,Add visual regression testing,Not Started,Catch UI regressions with screenshot comparison,8 hours,E2E tests
P1-High,Testing,Implement load testing,Not Started,k6 or Artillery load tests for performance baseline,8 hours,Staging environment
P1-High,Testing,Add security scanning to CI,Not Started,OWASP ZAP or Snyk security scanning in pipeline,8 hours,CI/CD pipeline
P1-High,Monitoring,Set up APM dashboard,Not Started,Configure DataDog/New Relic for application monitoring,8 hours,None
P1-High,Monitoring,Implement distributed tracing,Not Started,Add request tracing across edge functions,8 hours,APM setup
P1-High,Monitoring,Add custom business metrics,Not Started,Track key business KPIs (signups conversions etc),8 hours,Monitoring setup
P1-High,Monitoring,Create SLO dashboards,Not Started,Define and track SLOs for availability and latency,8 hours,APM setup
P1-High,Monitoring,Implement uptime monitoring,Not Started,External uptime checks with alerting,4 hours,None
P2-Medium,Core Auth,Add social login providers,Partial,Add GitHub LinkedIn Facebook OAuth options,8 hours,OAuth exists
P2-Medium,Core Auth,Implement magic link authentication,Not Started,Passwordless login via email link,8 hours,None
P2-Medium,Core Auth,Add account merging for duplicate accounts,Not Started,Merge accounts when same email used with different providers,8 hours,None
P2-Medium,Core Auth,Implement impersonation for support,Not Started,Allow admins to impersonate users for debugging,8 hours,RBAC system
P2-Medium,Security,Add security headers audit,Not Started,Review and optimize all security headers,4 hours,None
P2-Medium,Security,Implement dependency vulnerability scanning,Not Started,Automated npm audit in CI pipeline,4 hours,CI/CD pipeline
P2-Medium,Security,Add penetration testing schedule,Not Started,Schedule regular third-party pen tests,4 hours,None
P2-Medium,Security,Create security incident response plan,Not Started,Document procedures for security incidents,8 hours,None
P2-Medium,Media,Add video transcoding pipeline,Not Started,Transcode uploaded videos for streaming,24 hours,Media infrastructure
P2-Medium,Media,Implement audio/podcast support,Not Started,Add audio file management and player,16 hours,None
P2-Medium,Media,Add image editing capabilities,Not Started,Basic crop/resize/filter in browser,16 hours,None
P2-Medium,CRM,Implement lead scoring,Not Started,Auto-score leads based on engagement,16 hours,CRM system
P2-Medium,CRM,Add sales pipeline visualization,Not Started,Kanban board for opportunity tracking,16 hours,CRM system
P2-Medium,CRM,Implement customer health scoring,Not Started,Track customer satisfaction indicators,16 hours,CRM system
P2-Medium,GPS,Add geofencing capabilities,Not Started,Location-based triggers and notifications,24 hours,GPS services
P2-Medium,GPS,Implement address validation,Not Started,Validate addresses with postal service APIs,8 hours,None
P2-Medium,Billing,Add multi-currency support,Not Started,Support international currencies with conversion,16 hours,Billing system
P2-Medium,Billing,Implement tax calculation,Not Started,Automated tax calculation by jurisdiction,24 hours,Tax service API
P2-Medium,Billing,Add payment dispute handling,Not Started,Workflow for handling chargebacks,16 hours,Payment processor
P2-Medium,Billing,Implement usage-based billing,Not Started,Metered billing based on usage,24 hours,Usage tracking
P2-Medium,Templates,Add A/B testing for templates,Not Started,Test template variations for engagement,16 hours,Analytics
P2-Medium,Templates,Implement template marketplace,Not Started,Community template sharing,24 hours,Template system
P2-Medium,Storage,Add data export tools,Not Started,GDPR-compliant data export for users,8 hours,None
P2-Medium,Storage,Implement data archival,Not Started,Move old data to cold storage,16 hours,None
P2-Medium,Documents,Add document collaboration,Not Started,Real-time collaborative editing,40 hours,WebSocket setup
P2-Medium,Documents,Implement e-signature integration,Not Started,DocuSign or similar for document signing,24 hours,Documents module
P2-Medium,AI,Add AI chat assistant,Not Started,Contextual AI chat for user support,24 hours,AI infrastructure
P2-Medium,AI,Implement AI recommendations engine,Not Started,Personalized content recommendations,24 hours,AI infrastructure
P2-Medium,AI,Add AI-powered search,Not Started,Semantic search across all content,24 hours,Search infrastructure
P2-Medium,Blog,Implement comments system,Not Started,Moderated comments on blog posts,16 hours,None
P2-Medium,Blog,Add social sharing optimization,Not Started,Auto-generate social preview images,8 hours,None
P2-Medium,Blog,Implement reading time estimation,Not Started,Show estimated reading time on articles,2 hours,None
P2-Medium,SEO,Add competitor SEO tracking,Not Started,Monitor competitor keyword rankings,16 hours,Third-party API
P2-Medium,SEO,Implement broken link checker,Not Started,Automated detection of broken links,8 hours,None
P2-Medium,SEO,Add page speed monitoring,Not Started,Track Core Web Vitals over time,8 hours,None
P2-Medium,Automation,Add email automation sequences,Not Started,Drip campaigns and email sequences,24 hours,Email integration
P2-Medium,Automation,Implement Zapier/Make integration,Not Started,Connect with third-party automation platforms,24 hours,Webhook outbound
P2-Medium,Compliance,Implement GDPR compliance tools,Not Started,Data subject requests consent management,24 hours,None
P2-Medium,Compliance,Add SOC2 Type II framework,Not Started,Implement controls for SOC2 certification,80 hours,Multiple dependencies
P2-Medium,Compliance,Create audit log export,Not Started,Export audit logs for compliance reporting,8 hours,Activity logging
P2-Medium,Compliance,Implement data retention policies,Not Started,Automated data lifecycle management,16 hours,None
P2-Medium,Compliance,Add consent management platform,Not Started,Cookie consent and preference management,16 hours,None
P2-Medium,Documentation,Create API documentation,Not Started,OpenAPI/Swagger docs for all endpoints,16 hours,None
P2-Medium,Documentation,Add database schema documentation,Not Started,Entity relationship diagrams and docs,8 hours,None
P2-Medium,Documentation,Create deployment runbooks,Not Started,Step-by-step deployment procedures,8 hours,None
P2-Medium,Documentation,Add incident response playbooks,Not Started,Procedures for common incidents,16 hours,None
P2-Medium,Documentation,Create architecture decision records,Not Started,Document key architectural decisions,8 hours,None
P2-Medium,Infrastructure,Add blue-green deployment,Not Started,Zero-downtime deployment strategy,16 hours,CI/CD pipeline
P2-Medium,Infrastructure,Implement feature flags,Not Started,LaunchDarkly or similar for feature management,16 hours,None
P2-Medium,Infrastructure,Add auto-scaling configuration,Not Started,Configure scaling policies for traffic spikes,8 hours,Infrastructure setup
P2-Medium,Infrastructure,Implement database connection pooling,Not Started,PgBouncer or Supabase pooler configuration,4 hours,None
P2-Medium,Accessibility,Complete WCAG 2.1 AA audit,Not Started,Full accessibility audit and remediation,24 hours,None
P2-Medium,Accessibility,Add screen reader testing,Not Started,Test with NVDA JAWS VoiceOver,16 hours,None
P2-Medium,Accessibility,Implement keyboard navigation,Partial,Complete keyboard accessibility,8 hours,Some exists
P2-Medium,Accessibility,Add color contrast validation,Not Started,Ensure all text meets contrast ratios,8 hours,None
P3-Low,Core Auth,Add passkey/WebAuthn support,Not Started,Implement passwordless WebAuthn authentication,16 hours,None
P3-Low,Core Auth,Implement SSO with SAML/OIDC,Not Started,Enterprise SSO integration,40 hours,None
P3-Low,Security,Add browser fingerprinting detection,Not Started,Detect suspicious device fingerprints,16 hours,None
P3-Low,Security,Implement bot protection,Not Started,Add reCAPTCHA or hCaptcha,8 hours,None
P3-Low,Media,Add 3D model support,Not Started,Upload and view 3D models,24 hours,Three.js exists
P3-Low,Media,Implement AR/VR preview,Not Started,AR product visualization,40 hours,3D model support
P3-Low,CRM,Add AI-powered CRM insights,Not Started,Predictive analytics for sales,40 hours,AI infrastructure
P3-Low,GPS,Add indoor positioning,Not Started,Indoor navigation for venues,40 hours,GPS services
P3-Low,Billing,Implement cryptocurrency payments,Not Started,Accept crypto via Coinbase Commerce,16 hours,Payment processor
P3-Low,Billing,Add buy now pay later integration,Not Started,Klarna/Affirm integration,16 hours,Payment processor
P3-Low,Templates,Add dynamic PDF generation,Not Started,Generate PDFs from templates,16 hours,None
P3-Low,Storage,Implement edge caching strategy,Not Started,Optimize CDN caching rules,8 hours,CDN setup
P3-Low,Documents,Add document comparison,Not Started,Diff view for document versions,16 hours,Document versioning
P3-Low,AI,Implement voice-to-text,Not Started,Transcription for audio/video content,24 hours,AI infrastructure
P3-Low,AI,Add AI translation,Not Started,Auto-translate content to multiple languages,24 hours,i18n setup
P3-Low,Blog,Implement newsletter integration,Partial,Sync blog subscribers with email platform,8 hours,Newsletter exists
P3-Low,Blog,Add content syndication,Not Started,Auto-publish to Medium LinkedIn etc,16 hours,None
P3-Low,SEO,Implement AMP pages,Not Started,Accelerated Mobile Pages for articles,24 hours,None
P3-Low,SEO,Add voice search optimization,Not Started,Optimize for voice assistant queries,16 hours,None
P3-Low,Automation,Add AI workflow suggestions,Not Started,AI recommends automations based on usage,24 hours,AI infrastructure
P3-Low,Automation,Implement workflow templates,Not Started,Pre-built automation templates,16 hours,Workflow engine
P3-Low,Localization,Implement i18n framework,Not Started,Multi-language support infrastructure,24 hours,None
P3-Low,Localization,Add translation management,Not Started,Admin UI for translations,16 hours,i18n framework
P3-Low,Localization,Implement RTL support,Not Started,Right-to-left language support,16 hours,i18n framework
P3-Low,Analytics,Add custom analytics dashboard,Not Started,Build internal analytics visualization,24 hours,None
P3-Low,Analytics,Implement cohort analysis,Not Started,User cohort tracking and analysis,16 hours,Analytics data
P3-Low,Analytics,Add funnel visualization,Not Started,Conversion funnel tracking,16 hours,Analytics data
P3-Low,Performance,Add database query optimization,Not Started,Analyze and optimize slow queries,16 hours,Monitoring data
P3-Low,Performance,Implement request deduplication,Not Started,Prevent duplicate API calls,8 hours,None
P3-Low,Performance,Add offline-first capability,Not Started,Service worker for offline support,24 hours,None
P3-Low,Mobile,Create PWA manifest,Partial,Complete Progressive Web App setup,8 hours,Some exists
P3-Low,Mobile,Add push notifications,Not Started,Web push notifications,16 hours,PWA setup
P3-Low,Mobile,Implement mobile app wrapper,Not Started,Capacitor or similar for app stores,24 hours,PWA setup
